ID_cliente,nombre,pais,edad,genero
1,Valerie Clayton,Venezuela,19,M
2,Dr. Donald Henry PhD,Papua New Guinea,45,F
3,William Lambert,Spain,61,F
4,Diana Cunningham,Mauritania,37,M
5,Kenneth Francis,Iraq,64,M
6,Jacob Thompson,Sri Lanka,27,M
7,Stephanie White,Jamaica,51,F
8,Edward Patel,Dominica,58,F
9,Christine Scott,Cambodia,56,M
10,Melanie Choi,Namibia,57,F
11,Autumn Marsh,Guinea-Bissau,46,F
12,Jeffrey Davis,Honduras,34,F
13,Jean Cox,Ghana,25,M
14,Dawn Cruz,Guyana,58,M
15,Angela Parker,Martinique,41,F
16,Mark Robertson,Dominica,18,M
17,Danielle Perez,Cambodia,54,M
18,Jason Brooks,Papua New Guinea,48,F
19,Tiffany Spencer,Hong Kong,29,M
20,Robert White,Luxembourg,33,F
21,Scott Stone,Fiji,45,M
22,Christopher Martinez,South Georgia and the South Sandwich Islands,55,F
23,Joshua Smith,American Samoa,69,F
24,Nathaniel Gordon,Antigua and Barbuda,45,F
25,Michael Hernandez,United States Minor Outlying Islands,53,F
26,Tony Allison,Israel,47,F
27,Joshua Gomez,Saint Lucia,68,F
28,Daniel Cannon,San Marino,51,M
29,Kevin Johnson,United Kingdom,33,M
30,Sandy Warren,Tonga,28,M
31,Laura Floyd,Serbia,38,F
32,Daniel Curtis,Canada,28,M
33,Kenneth Lane,Saudi Arabia,67,F
34,Zachary Chavez,Thailand,43,F
35,Mr. Joseph Lucas,Albania,22,M
36,Jasmine Lynch,Bahamas,36,F
37,Samuel Hodges,Falkland Islands (Malvinas),23,F
38,Ariana Harrison,Uzbekistan,20,F
42,Devin Jefferson,Christmas Island,40,M
43,Brittany Norton,Lithuania,34,F
44,Jessica Miller,Hungary,66,F
45,Christopher Cruz,Korea,19,M
46,Timothy Wood,Puerto Rico,54,F
47,Jessica Gonzales,Papua New Guinea,33,M
48,Curtis Espinoza,Cook Islands,20,F
49,Cory Mercado,French Guiana,51,F
50,Kimberly Clark,Sao Tome and Principe,45,F
51,Brittany Little,Togo,39,M
52,Alexandra Turner,Mexico,38,F
53,Michael Wilson,Belize,36,M
54,Daniel Sullivan,Romania,60,F
55,Tina Byrd,Western Sahara,36,F
56,Ashley Robinson,Sri Lanka,59,M
57,Debra Howard,Afghanistan,27,F
58,Andrea Williams,Malaysia,44,M
59,Crystal Walker,Suriname,43,F
60,Amanda Lee,Monaco,69,F
61,Diane Douglas,Thailand,67,M
62,Jenna Weiss,Japan,68,F
63,Aaron Robertson,Cambodia,26,M
64,Holly Bell,Philippines,31,M
65,Janet Sharp,Cook Islands,26,M
66,Derek Webster,Reunion,65,F
67,David Barker,Thailand,67,F
68,Deborah Anderson,Libyan Arab Jamahiriya,55,F
69,Juan Stein,Latvia,47,M
70,Jennifer Hale,Switzerland,28,M
71,Cynthia Lam,Djibouti,28,M
72,Thomas Clark,Guam,25,F
73,Laura Malone,Mauritania,42,M
74,Michael Hamilton,New Zealand,45,M
75,Steven King,Hong Kong,68,F
76,Tonya Zimmerman,Sudan,44,F
77,Tara Reynolds,Philippines,50,F
78,Brian Sanchez,Falkland Islands (Malvinas),42,M
79,Nichole Garner,Slovakia (Slovak Republic),37,M
80,Edwin Garcia,Togo,35,F
81,Andrea Neal,Italy,62,F
82,Alexandria Garner,Monaco,69,M
83,Veronica Adams,Samoa,27,F
84,Amy Armstrong,Italy,66,M
85,Christopher Weaver,Tajikistan,55,F
86,Sandra Rasmussen,Faroe Islands,24,F
87,Jason Rodriguez,El Salvador,44,M
88,Leonard Hicks,Qatar,24,F
89,Alex Miller,Congo,27,M
90,John Holland,Palestinian Territory,46,M
91,Nicole Morton,Marshall Islands,53,M
92,Jacob Fuentes,Papua New Guinea,19,M
93,Tracey Webb,Costa Rica,65,M
94,Andrew Taylor,Burundi,39,F
95,Robert Navarro,Mauritius,37,F
96,Tammie Rosales,Zimbabwe,48,M
97,Sharon Rice,Singapore,43,M
98,Natalie Ortega,Malta,45,F
99,Kelly Rojas,Argentina,69,F
100,Cassandra Krueger,Timor-Leste,66,M
101,Monique Glenn,Burundi,60,M
102,Angela Sanders,Trinidad and Tobago,22,M
103,Lisa Carter,Saint Lucia,42,F
104,Mrs. Jennifer Gonzalez,Dominica,19,M
105,Deanna Gonzalez,Saint Kitts and Nevis,23,F
106,Sarah Jennings,Guyana,24,M
107,Shannon Cruz,Faroe Islands,55,M
108,Karina Smith,Uruguay,40,M
109,John Underwood,Honduras,32,F
110,Jodi Black,Netherlands Antilles,26,M
111,Annette Campos,Congo,64,F
112,Jeffrey Silva,Austria,20,F
113,Clarence Morrow,Bhutan,50,F
114,Jerry Wilson,Singapore,51,M
115,Charles Tapia,Sao Tome and Principe,32,F
116,Mark Harvey,Venezuela,21,M
117,Alexis Johnson,Belarus,29,F
118,Alan Baker,Somalia,62,M
119,Calvin Davidson,Uganda,20,F
120,Gary Kerr,Guinea,54,F
121,Greg Williams,Congo,61,F
122,Cathy Wright,Dominica,68,F
123,Brooke Fisher,Thailand,31,M
124,Tiffany Andrews,Turks and Caicos Islands,54,F
125,Candace Fields,Micronesia,48,M
126,Elaine Harrison,Montenegro,27,F
127,David Webb,France,57,M
128,Katelyn Melendez,French Guiana,32,F
129,James Johnson,Saint Martin,67,F
130,Gregory Johnson,Mali,43,F
131,Robin Morris,Ireland,35,M
132,Tiffany Morgan,Cuba,53,M
133,Mary Sullivan,Sudan,35,M
134,Miguel Wright,Falkland Islands (Malvinas),49,M
135,Travis Mccormick,Lesotho,23,M
136,Ashley Kelley,Swaziland,24,M
137,Anne Rogers,Denmark,35,M
138,Timothy Berg,Antigua and Barbuda,27,F
139,Courtney Riggs,Norfolk Island,31,F
140,Samuel Chavez,Turkmenistan,25,F
141,Laura Powell,Hong Kong,60,F
142,Catherine Sullivan,Pitcairn Islands,61,M
143,Raymond Gutierrez,El Salvador,34,M
144,Laura Marsh,Guadeloupe,41,F
145,Jorge Burton,Ecuador,61,M
146,Steven Welch,Madagascar,34,M
147,Mrs. Erin Wyatt,Mauritius,33,F
148,Rebecca Caldwell,Christmas Island,55,M
149,Brian Lewis,Albania,61,F
150,Cynthia Garcia,Malawi,49,M
151,Jeremiah Gray,Heard Island and McDonald Islands,63,M
152,David Hicks,Cote d'Ivoire,32,M
153,Michelle Morgan,French Polynesia,45,M
154,Christopher Houston MD,Northern Mariana Islands,22,M
155,Christopher Hayes,Jersey,57,M
156,Erin Cross,Tanzania,47,M
157,Travis Romero,Belgium,64,F
158,Gina Peterson,South Georgia and the South Sandwich Islands,65,M
159,Miss Heather Clark,Mayotte,65,M
160,Miranda Moore,Ecuador,58,M
161,James Choi,Reunion,57,F
162,Michael Jimenez,Algeria,42,F
163,Gail Williams,Spain,35,M
164,Rachel Salazar DDS,Israel,29,F
165,Jamie Jackson,Oman,61,F
166,Kelli Clark,Palau,58,F
167,Jacqueline Howard,Nigeria,60,M
168,Jeremy Hill,Heard Island and McDonald Islands,22,M
169,Laura Perez,Barbados,59,M
170,Samuel Montgomery,Somalia,59,M
171,Garrett Williams,Liechtenstein,54,F
172,Michael Barnes,Guatemala,34,M
173,Christopher Herrera,Mozambique,46,F
174,Robert White,Rwanda,67,M
175,James Wilson,Bhutan,31,F
176,Phillip Ramsey,Faroe Islands,27,F
177,Alicia Hodges,Lesotho,66,F
178,Kelly Yates,Micronesia,53,F
179,Brittany Smith,French Southern Territories,44,F
180,Valerie Andrews,Israel,60,F
181,Alejandro Bauer,Angola,21,M
182,Shane Sweeney,Yemen,54,M
183,Michael Cameron,Western Sahara,48,M
184,Tom Smith,Gibraltar,42,F
185,Sheila Solis,Jamaica,24,M
186,Stacy Tate,Italy,51,F
187,Caleb Hanson,Pakistan,30,M
188,Christopher Love,Guam,22,M
189,Brian Miles,Bhutan,63,M
190,Tina Weaver,Poland,62,F
191,Sarah Graham,Liechtenstein,40,M
192,John Johnson,Namibia,41,M
193,Dale Davis,Netherlands,59,M
194,Brian Greene,Mayotte,48,M
195,Dr. Scott Myers,Malawi,62,F
196,Joseph Hayes,Chad,61,F
197,James Thomas,Kenya,34,F
198,Diane King,Cyprus,20,M
199,Nathan Lloyd,Palau,48,F
200,Jonathan Dean,Albania,51,F
201,Carol Figueroa,Djibouti,69,F
202,Gregory Archer,Djibouti,64,M
203,Linda Christian,Bangladesh,29,F
204,Dr. Jason Wilson,Palau,42,M
205,Jeffrey Lee,Malta,35,F
206,Christopher Conrad,Luxembourg,49,M
207,Richard Greene,United States Minor Outlying Islands,48,F
208,Christine Wilson,Yemen,46,F
209,Natasha Phillips,Togo,26,F
210,Melanie Bowman,Eritrea,21,F
211,Stanley King,Papua New Guinea,60,M
212,Heather Smith,Slovakia (Slovak Republic),38,F
213,Richard Campbell,Azerbaijan,47,F
214,Johnny Duarte,Gibraltar,56,M
215,Charles Fleming,Ukraine,51,M
216,Tim Smith,Korea,26,F
217,Craig Nguyen,Hong Kong,59,M
218,Jorge Fisher,Hungary,28,M
219,Amy Duke,Wallis and Futuna,33,F
220,Patricia Browning,Iran,57,M
221,Mark Ford,Ghana,24,M
222,Gerald Lewis,Afghanistan,45,F
223,Ashlee Jackson,Tuvalu,34,M
224,Marissa Rodriguez,French Polynesia,65,F
225,Willie Price,Gambia,23,F
226,Jennifer Thomas,Uruguay,57,M
227,Megan Bryant,Hong Kong,56,M
228,Michael White,Honduras,53,F
229,Briana Lewis,Armenia,58,M
230,David Austin,Guadeloupe,26,M
231,Rodney Rodriguez PhD,Panama,42,M
232,Rickey Klein,Kazakhstan,65,F
233,Jennifer Mckee,Myanmar,60,M
234,Richard Mckinney,Gambia,47,F
235,William Green,Korea,46,M
236,Carla Torres,Iceland,24,M
237,Sarah Smith,Cayman Islands,54,M
238,Louis Allen,Israel,42,M
239,Barbara Stewart,United States of America,56,M
240,Miss Amy Walker,Kazakhstan,57,M
241,Chad Hartman,Latvia,45,M
242,Steve Erickson,Senegal,58,F
243,Christopher Porter,Guinea-Bissau,25,F
244,Carmen Campos,Myanmar,22,F
245,Kevin Pierce,Slovenia,23,M
246,Patrick Frye,Cocos (Keeling) Islands,50,F
247,Erika Santiago,Canada,44,F
248,Matthew Johnson,Bangladesh,19,F
249,Alex Pearson,Australia,28,M
250,Anthony Perez,El Salvador,32,F
251,Michelle Cuevas,Bosnia and Herzegovina,29,F
252,Mario Adams,Equatorial Guinea,31,M
253,Kayla Pierce,Wallis and Futuna,54,F
254,Morgan Miller,Cuba,26,F
255,Courtney Wood,Mayotte,46,M
256,David Porter,Paraguay,28,M
257,Paul Mcdonald,Saudi Arabia,43,F
258,Margaret Donovan,Cayman Islands,42,F
259,Ruth Contreras,Turkmenistan,51,F
260,Michael Berry,Jordan,42,F
261,Eileen Stewart,Mozambique,68,M
262,Jessica Briggs,Russian Federation,67,M
263,Christian Hill,Rwanda,69,M
264,Gregory White,Senegal,45,M
265,Gary Davis,Bahamas,37,M
266,Joanna Hernandez,Jordan,19,F
267,Connie Coleman,Western Sahara,49,M
268,Gilbert Matthews,Aruba,69,M
269,Jesus Richardson,Wallis and Futuna,22,M
270,Daniel Shelton,Nicaragua,44,M
271,Dorothy Stewart,Montserrat,26,F
272,Abigail Stephens,Hungary,54,F
273,Christina Nichols,Algeria,54,F
274,Shelby Myers,Sweden,49,F
275,Sara Simpson,Central African Republic,61,M
276,Taylor Vazquez,Ukraine,25,M
277,Samantha Luna,Mexico,31,F
278,Deanna Mccormick,Georgia,26,F
279,Brian Heath,Bahrain,47,M
280,Antonio Walker,French Southern Territories,24,F
281,Neil Chan,Cocos (Keeling) Islands,21,F
282,Dr. Jessica Martinez MD,Switzerland,57,F
283,John White,Kazakhstan,48,F
284,Christian Mcbride,Luxembourg,21,F
285,Daisy Munoz,Mozambique,60,M
286,Jeff Greene,Uzbekistan,62,F
287,Jennifer Lopez,Iran,19,M
288,Ryan Phillips,Hong Kong,56,F
289,Christine Kirby,Timor-Leste,31,F
290,Jennifer Williams,Belize,23,M
291,Hailey Reyes,Fiji,20,M
292,Steven Harrell,Austria,30,F
293,Adam Barajas,Liberia,48,M
294,Jennifer Grimes,Micronesia,29,M
295,Martha Schneider,Mexico,61,M
296,William Wright,Northern Mariana Islands,50,M
297,James Avery,Reunion,65,F
298,Terry Silva,Moldova,67,M
299,Brian White,Madagascar,61,M
300,Debra Hill,Eritrea,30,M
301,William Miller,Romania,38,F
302,Jasmine Baker,Isle of Man,61,M
303,Stephen Ward,Austria,33,F
304,Erica Davis,Netherlands,19,M
305,Kenneth Collins,Liberia,39,M
306,Tracey Jones,Montenegro,48,F
307,Nicole Gonzalez,Tanzania,27,F
308,Michael Clements,Faroe Islands,68,F
309,Michael Taylor,Seychelles,34,M
310,Mr. Jason Moore PhD,Andorra,38,M
311,Sarah Rose DDS,Libyan Arab Jamahiriya,51,M
312,Michaela Roberson,Brazil,54,F
313,Eric Shelton,Saint Martin,28,M
314,Katherine Forbes,Saint Helena,58,F
315,Linda Bowman,Algeria,24,F
316,Joshua Gomez,Uzbekistan,36,M
317,John Harding,Jordan,27,M
318,Alex Bell,Togo,45,F
319,Jorge Owen,Montenegro,26,M
320,Peter Hart,Benin,33,F
321,Kayla Williams,Bahrain,58,M
322,Sabrina Martinez,Morocco,41,F
323,Amber Martinez,United States Minor Outlying Islands,40,M
324,Michael Boyle,Yemen,31,F
325,Renee Kim,Mayotte,60,F
326,Misty Hall,Denmark,38,M
327,Tiffany Rivera,Cape Verde,60,F
328,William Barnes,Marshall Islands,28,F
329,Monica Harris,South Georgia and the South Sandwich Islands,25,M
330,Christine Johnston,Samoa,58,M
331,Gwendolyn Watts,Macao,60,M
332,Timothy Collins,Trinidad and Tobago,48,M
333,Mark Jenkins,French Southern Territories,36,M
334,Christine Gilmore,Czech Republic,47,F
335,Caroline Patterson,Cote d'Ivoire,49,F
336,Nancy Miller,Croatia,19,F
337,Monica Morrow,Antigua and Barbuda,43,M
338,Ana Logan,Macao,27,M
339,Leslie Bowman,Samoa,30,F
340,Brittany Harrington,Brunei Darussalam,56,M
341,Richard Ellison,Saudi Arabia,66,F
342,Natalie Hancock,Saudi Arabia,61,M
343,Francisco Lewis,Lithuania,34,F
344,Robin Butler,Saint Barthelemy,47,F
345,Donna Smith,Palau,36,F
346,Melissa Mitchell,Hungary,53,F
347,Christopher Smith,Finland,18,M
348,Julia Roberson,Bangladesh,40,M
349,Kenneth Johnson,San Marino,32,F
350,Jordan Gregory,Netherlands,61,M
351,Lori Jacobs,Belgium,36,F
352,Bruce Johnson,Malawi,36,F
353,Rachel Dixon,Georgia,55,F
354,Sarah Hernandez,Gibraltar,35,F
355,Nathan Martinez,Suriname,23,M
356,Jerry Taylor,Andorra,52,M
357,Tina Kelley MD,Barbados,21,F
358,Amber Jenkins,Comoros,19,F
359,Bryan Gross,Senegal,64,F
360,William Johnson,Ireland,64,M
361,Susan Peters,Moldova,64,M
362,Michelle Butler,Brazil,43,F
363,Leonard Carter,Spain,19,M
364,Anthony Jackson,Congo,61,F
365,James Vazquez,Lithuania,31,F
366,Matthew Gonzales,Barbados,51,M
367,Randall Lopez,Azerbaijan,25,F
368,Joan Gonzalez,Nigeria,66,F
369,Timothy Yu,Cameroon,36,M
370,John Reed,Wallis and Futuna,20,F
371,Kyle Martinez,Czech Republic,61,M
372,Nicole Rice,Ukraine,69,F
373,Katelyn Todd,Holy See (Vatican City State),28,M
374,Diane Kane,United Arab Emirates,55,M
375,Emily Flowers,Sao Tome and Principe,68,F
376,Heidi Chambers,Guam,61,F
377,Victoria Figueroa,Niue,22,M
378,Donna Jackson,Martinique,68,F
379,Sandra Young,Kiribati,52,F
380,Michael Myers,French Southern Territories,63,F
381,James Oconnor,Swaziland,64,M
382,Francisco Joseph,Greece,18,F
383,Robert Rollins,Western Sahara,59,F
384,Kimberly Dixon,New Zealand,31,M
385,Audrey Gonzales,New Caledonia,24,F
386,Michael Holden,Northern Mariana Islands,67,F
387,Tracy Taylor,Lebanon,43,M
388,Elizabeth Gill,Benin,28,M
389,Lisa Gutierrez,Gabon,30,M
390,Dr. George Dean,Armenia,40,F
391,Edwin Moody,Bouvet Island (Bouvetoya),65,F
392,Joseph Jones,Turkey,43,F
393,Michele Vega,Rwanda,35,M
394,Alicia Harrell,Mongolia,50,F
395,David Goodman,Antigua and Barbuda,34,F
396,Rachel Miller,Cote d'Ivoire,34,M
397,Jeffery Anderson,Botswana,21,F
398,Aaron Petty,Kyrgyz Republic,52,F
399,Jennifer Harris,Seychelles,23,F
400,William Wilson,Netherlands,56,F
401,Stanley Smith,Burkina Faso,28,F
402,Debra Serrano,Italy,42,M
403,Joshua Duarte,Mongolia,47,M
404,Aimee Goodman,Bermuda,32,F
405,Jacob Rodriguez,Armenia,48,F
406,Joseph Mckee,Pakistan,48,M
407,Brandy Hines,French Guiana,46,M
408,Ms. Michele Barton MD,Spain,42,M
409,Tamara Rios,Antarctica (the territory South of 60 deg S),47,F
410,Alexandra Charles,Ghana,26,M
411,Thomas Mccoy,Bosnia and Herzegovina,69,M
412,Jill Morris,Guinea-Bissau,41,M
413,Jennifer Vance,Puerto Rico,50,F
414,Jennifer Robbins,Sri Lanka,48,M
415,Cody Abbott,Tajikistan,30,M
416,Heidi Dixon,Liechtenstein,50,M
417,Kelly Williams,Grenada,62,M
418,Travis Burns,Cayman Islands,34,F
419,Crystal Rasmussen,Tajikistan,36,M
420,Todd Cross,French Polynesia,61,M
421,Tara Kirby,Tonga,37,M
422,Luke Taylor,Gabon,61,F
423,Matthew Jones,Mauritania,69,F
424,Paul Guerra,Uzbekistan,20,F
425,Haley Young,Malta,34,M
426,Catherine Walker,Nepal,27,M
427,Anthony Robinson,Poland,56,F
428,Kylie Woods,Austria,25,F
429,Kathy Lyons,Tuvalu,26,F
430,Leslie Williams,Palau,49,F
431,Dawn Davis,Somalia,38,M
432,Maxwell Brewer,Libyan Arab Jamahiriya,35,M
433,Thomas Pugh,Nigeria,60,M
434,Elizabeth Cohen,Gabon,34,M
435,Joseph Miller,Korea,25,F
436,Matthew James,Haiti,23,M
437,Eric Romero,Congo,66,F
438,Kelly Fields,Grenada,60,M
439,Vanessa Martin MD,Jamaica,61,M
440,Paul Benson,Cayman Islands,29,F
441,Rebecca Mcintosh,Solomon Islands,57,M
442,Mrs. Andrea Hurst MD,Korea,46,F
443,Lindsay Wiggins,Isle of Man,63,F
444,Russell Smith,France,42,M
445,James Luna,Albania,60,M
446,Melinda Martin,Heard Island and McDonald Islands,57,M
447,Carol Roberts,Guyana,58,M
448,Kathy Harrison,Oman,36,F
449,Scott Smith,Fiji,69,F
450,Kathryn Richardson,Pakistan,28,M
451,Lisa Walker,Tokelau,44,M
452,Stacy Powers,Chad,53,M
453,Erik Gill,France,63,F
454,Cassandra Jacobson,Greenland,63,M
455,Christopher Bond,Singapore,67,M
456,Kyle Rogers,Canada,23,M
457,Anna Rowe,Zimbabwe,27,M
458,Gabrielle Huff,El Salvador,44,M
459,Rodney Bullock,Norfolk Island,40,M
460,Danielle Figueroa,Cape Verde,40,M
461,Christina Wells,Serbia,50,M
462,Tonya Carter,Malawi,66,F
463,Renee Jones,Lesotho,36,M
464,William Chavez,Grenada,67,M
465,Nicole Bentley,Heard Island and McDonald Islands,68,F
466,Whitney Thomas,Montserrat,64,F
467,Jessica Griffin,Sao Tome and Principe,68,F
468,Jennifer Avila,Cocos (Keeling) Islands,26,F
469,Sharon Neal,Singapore,64,M
470,Sarah Harris,Holy See (Vatican City State),46,F
471,Laurie Rogers,Sierra Leone,37,F
472,Mackenzie Baker,Antarctica (the territory South of 60 deg S),52,F
473,Brianna Mcdonald,Algeria,37,M
474,Angela Wright,Ecuador,53,M
475,Sarah Roberson,Liberia,32,M
476,Luis Haney,Qatar,69,F
477,Heidi Lopez,Azerbaijan,27,M
478,Deborah Fox,Canada,39,M
479,Kelly Gonzalez,Norfolk Island,38,F
480,Shawn Brown,Jordan,25,M
481,Matthew Mckee,Romania,40,F
482,Michael Mejia,Malta,42,M
483,Nathan Johnson,Afghanistan,41,M
484,Michelle Underwood,Netherlands Antilles,27,F
485,David Sandoval,Montserrat,18,F
486,Paul Williams,Kiribati,46,M
487,Sandra Gonzalez,Mauritius,19,M
488,Sandra Estrada,Saint Martin,18,M
489,Paul Gutierrez,Mexico,31,M
490,Spencer Willis,Taiwan,33,F
491,Krystal Martinez,Netherlands,68,F
492,Steven Ray,Albania,49,M
493,Nathan Henry,Morocco,58,F
494,Christopher Kent,Greece,47,M
495,Carol Harding,Aruba,43,M
496,Lisa Floyd,Costa Rica,69,M
497,Alex Norton,Philippines,67,F
498,Mathew Kelly,Saint Kitts and Nevis,68,M
499,Benjamin Richards II,Tanzania,57,M
500,Donald Cunningham,Syrian Arab Republic,31,F
